date,regime_id,regime_name,confidence
2019-12-31,0,Euphoria,1.0
2020-01-02,0,Euphoria,1.0
2020-01-03,0,Euphoria,1.0
2020-01-06,0,Euphoria,1.0
2020-01-07,0,Euphoria,1.0
2020-01-08,0,Euphoria,1.0
2020-01-09,0,Euphoria,1.0
2020-01-10,0,Euphoria,1.0
2020-01-13,0,Euphoria,1.0
2020-01-14,0,Euphoria,1.0
2020-01-15,0,Euphoria,1.0
2020-01-16,0,Euphoria,1.0
2020-01-17,0,Euphoria,1.0
2020-01-21,0,Euphoria,1.0
2020-01-22,0,Euphoria,1.0
2020-01-23,0,Euphoria,1.0
2020-01-24,0,Euphoria,1.0
2020-01-27,0,Euphoria,1.0
2020-01-28,0,Euphoria,0.9999999999745341
2020-01-29,0,Euphoria,0.999999999998181
2020-01-30,0,Euphoria,0.999999999990905
2020-01-31,0,Euphoria,0.9999999998908606
2020-02-03,0,Euphoria,0.9999998220282736
2020-02-04,0,Euphoria,0.9999999437277454
2020-02-05,0,Euphoria,0.9999999501596916
2020-02-06,0,Euphoria,0.9999999943920557
2020-02-07,0,Euphoria,0.9999999988285708
2020-02-10,0,Euphoria,0.9999999919982656
2020-02-11,0,Euphoria,0.9999999980846042
2020-02-12,0,Euphoria,0.9999999988503987
2020-02-13,0,Euphoria,0.9999999999581632
2020-02-14,0,Euphoria,0.9999999999836291
2020-02-18,0,Euphoria,1.0
2020-02-19,0,Euphoria,0.999999999994543
2020-02-20,0,Euphoria,0.999999999998181
2020-02-21,0,Euphoria,0.9999999999308784
2020-02-24,0,Euphoria,0.9999999978335836
2020-02-25,2,Capitulation,0.7932599755166394
2020-02-26,2,Capitulation,0.9993382541183702
2020-02-27,2,Capitulation,0.9997966016244181
2020-02-28,2,Capitulation,1.0
2020-03-02,2,Capitulation,1.0
2020-03-03,2,Capitulation,1.0
2020-03-04,2,Capitulation,0.9999999999490683
2020-03-05,2,Capitulation,1.0
2020-03-06,2,Capitulation,1.0
2020-03-09,2,Capitulation,1.0
2020-03-10,2,Capitulation,1.0
2020-03-11,2,Capitulation,1.0
2020-03-12,2,Capitulation,1.0
2020-03-13,2,Capitulation,1.0
2020-03-16,2,Capitulation,1.0
2020-03-17,2,Capitulation,1.0
2020-03-18,2,Capitulation,1.0
2020-03-19,2,Capitulation,1.0
2020-03-20,2,Capitulation,1.0
2020-03-23,2,Capitulation,1.0
2020-03-24,2,Capitulation,1.0
2020-03-25,2,Capitulation,1.0
2020-03-26,2,Capitulation,1.0
2020-03-27,2,Capitulation,1.0
2020-03-30,2,Capitulation,1.0
2020-03-31,2,Capitulation,1.0
2020-04-01,2,Capitulation,1.0
2020-04-02,2,Capitulation,1.0
2020-04-03,2,Capitulation,1.0
2020-04-06,2,Capitulation,1.0
2020-04-07,2,Capitulation,1.0
2020-04-08,2,Capitulation,1.0
2020-04-09,2,Capitulation,1.0
2020-04-13,2,Capitulation,1.0
2020-04-14,2,Capitulation,1.0
2020-04-15,2,Capitulation,1.0
2020-04-16,2,Capitulation,1.0
2020-04-17,2,Capitulation,1.0
2020-04-20,2,Capitulation,1.0
2020-04-21,2,Capitulation,1.0
2020-04-22,2,Capitulation,1.0
2020-04-23,2,Capitulation,0.9999979108491965
2020-04-24,2,Capitulation,0.9631643180168997
2020-04-27,1,Complacency,0.9998539291765239
2020-04-28,1,Complacency,0.9999995312083418
2020-04-29,1,Complacency,0.9999999999727152
2020-04-30,1,Complacency,1.0
2020-05-01,1,Complacency,1.0
2020-05-04,1,Complacency,1.0
2020-05-05,1,Complacency,1.0
2020-05-06,1,Complacency,1.0
2020-05-07,1,Complacency,1.0
2020-05-08,1,Complacency,1.0
2020-05-11,1,Complacency,1.0
2020-05-12,1,Complacency,1.0
2020-05-13,1,Complacency,1.0
2020-05-14,1,Complacency,1.0
2020-05-15,1,Complacency,1.0
2020-05-18,1,Complacency,1.0
2020-05-19,1,Complacency,1.0
2020-05-20,1,Complacency,1.0
2020-05-21,1,Complacency,1.0
2020-05-22,1,Complacency,1.0
2020-05-26,1,Complacency,1.0
2020-05-27,1,Complacency,1.0
2020-05-28,1,Complacency,1.0
2020-05-29,1,Complacency,1.0
2020-06-01,1,Complacency,1.0
2020-06-02,1,Complacency,1.0
2020-06-03,1,Complacency,1.0
2020-06-04,1,Complacency,1.0
2020-06-05,1,Complacency,1.0
2020-06-08,1,Complacency,1.0
2020-06-09,1,Complacency,1.0
2020-06-10,1,Complacency,1.0
2020-06-11,1,Complacency,1.0
2020-06-12,1,Complacency,1.0
2020-06-15,1,Complacency,1.0
2020-06-16,1,Complacency,1.0
2020-06-17,1,Complacency,1.0
2020-06-18,1,Complacency,1.0
2020-06-19,1,Complacency,1.0
2020-06-22,1,Complacency,1.0
2020-06-23,1,Complacency,1.0
2020-06-24,1,Complacency,1.0
2020-06-25,1,Complacency,1.0
2020-06-26,1,Complacency,1.0
2020-06-29,1,Complacency,1.0
2020-06-30,1,Complacency,1.0
2020-07-01,1,Complacency,1.0
2020-07-02,1,Complacency,1.0
2020-07-06,1,Complacency,1.0
2020-07-07,1,Complacency,1.0
2020-07-08,1,Complacency,1.0
2020-07-09,1,Complacency,1.0
2020-07-10,1,Complacency,1.0
2020-07-13,1,Complacency,1.0
2020-07-14,1,Complacency,1.0
2020-07-15,1,Complacency,1.0
2020-07-16,1,Complacency,1.0
2020-07-17,1,Complacency,1.0
2020-07-20,1,Complacency,1.0
2020-07-21,1,Complacency,1.0
2020-07-22,1,Complacency,1.0
2020-07-23,1,Complacency,1.0
2020-07-24,1,Complacency,1.0
2020-07-27,1,Complacency,1.0
2020-07-28,1,Complacency,1.0
2020-07-29,1,Complacency,1.0
2020-07-30,1,Complacency,1.0
2020-07-31,1,Complacency,1.0
2020-08-03,1,Complacency,1.0
2020-08-04,1,Complacency,1.0
2020-08-05,1,Complacency,1.0
2020-08-06,1,Complacency,1.0
2020-08-07,1,Complacency,1.0
2020-08-10,1,Complacency,1.0
2020-08-11,1,Complacency,1.0
2020-08-12,1,Complacency,1.0
2020-08-13,1,Complacency,1.0
2020-08-14,1,Complacency,1.0
2020-08-17,1,Complacency,1.0
2020-08-18,1,Complacency,1.0
2020-08-19,1,Complacency,1.0
2020-08-20,1,Complacency,1.0
2020-08-21,1,Complacency,1.0
2020-08-24,1,Complacency,1.0
2020-08-25,1,Complacency,1.0
2020-08-26,1,Complacency,1.0
2020-08-27,1,Complacency,1.0
2020-08-28,1,Complacency,1.0
2020-08-31,1,Complacency,1.0
2020-09-01,1,Complacency,1.0
2020-09-02,1,Complacency,1.0
2020-09-03,1,Complacency,1.0
2020-09-04,1,Complacency,1.0
2020-09-08,1,Complacency,1.0
2020-09-09,1,Complacency,1.0
2020-09-10,1,Complacency,1.0
2020-09-11,1,Complacency,1.0
2020-09-14,1,Complacency,1.0
2020-09-15,1,Complacency,1.0
2020-09-16,1,Complacency,1.0
2020-09-17,1,Complacency,1.0
2020-09-18,1,Complacency,1.0
2020-09-21,1,Complacency,1.0
2020-09-22,1,Complacency,1.0
2020-09-23,1,Complacency,1.0
2020-09-24,1,Complacency,1.0
2020-09-25,1,Complacency,1.0
2020-09-28,1,Complacency,1.0
2020-09-29,1,Complacency,1.0
2020-09-30,1,Complacency,1.0
2020-10-01,1,Complacency,1.0
2020-10-02,1,Complacency,1.0
2020-10-05,1,Complacency,0.999999999998181
2020-10-06,1,Complacency,0.9999477485662305
2020-10-07,0,Euphoria,0.6490070948297576
2020-10-08,0,Euphoria,0.9134958418246402
2020-10-09,0,Euphoria,0.9999987283525925
2020-10-12,0,Euphoria,0.9999999999890861
2020-10-13,0,Euphoria,0.9999999999490683
2020-10-14,0,Euphoria,0.9999999999090505
2020-10-15,0,Euphoria,0.9999999997562554
2020-10-16,0,Euphoria,0.9999999997489795
2020-10-19,0,Euphoria,0.9999999915398803
2020-10-20,0,Euphoria,0.9999999817300707
2020-10-21,0,Euphoria,0.9999999891151674
2020-10-22,0,Euphoria,0.9999984411836847
2020-10-23,0,Euphoria,0.9999998518233152
2020-10-26,0,Euphoria,0.9999983847150674
2020-10-27,0,Euphoria,0.9995789401385536
2020-10-28,0,Euphoria,0.8120576925370842
2020-10-29,2,Capitulation,0.9999999999763531
2020-10-30,2,Capitulation,0.9999999983156158
2020-11-02,2,Capitulation,0.9999999826140994
2020-11-03,2,Capitulation,0.9999999978717824
2020-11-04,2,Capitulation,0.9999975983766225
2020-11-05,2,Capitulation,0.9261257223160401
2020-11-06,0,Euphoria,0.9723131698507401
2020-11-09,0,Euphoria,0.99999988659875
2020-11-10,0,Euphoria,0.9999999955070962
2020-11-11,0,Euphoria,0.9999999987503543
2020-11-12,0,Euphoria,0.9999999993888196
2020-11-13,0,Euphoria,0.9999999268566198
2020-11-16,0,Euphoria,0.9999999993469828
2020-11-17,0,Euphoria,0.9999999989850039
2020-11-18,0,Euphoria,0.9999999997071427
2020-11-19,0,Euphoria,0.9999999162337225
2020-11-20,0,Euphoria,0.9999999976589606
2020-11-23,0,Euphoria,0.999999945162928
2020-11-24,0,Euphoria,0.9999999986848707
2020-11-25,0,Euphoria,0.9999999850424502
2020-11-27,0,Euphoria,0.9999937466777717
2020-11-30,0,Euphoria,0.9999998015973884
2020-12-01,0,Euphoria,0.9999917121256315
2020-12-02,0,Euphoria,0.9999965193825666
2020-12-03,0,Euphoria,0.9999970475499069
2020-12-04,0,Euphoria,0.9999999834490155
2020-12-07,0,Euphoria,0.9999999997780833
2020-12-08,0,Euphoria,0.9999999896626832
2020-12-09,0,Euphoria,0.9999999999781721
2020-12-10,0,Euphoria,0.9999999989904609
2020-12-11,0,Euphoria,0.9999999994270183
2020-12-14,0,Euphoria,0.999999999998181
2020-12-15,0,Euphoria,0.9999999999745341
2020-12-16,0,Euphoria,0.9999999873725756
2020-12-17,0,Euphoria,0.9999999991032382
2020-12-18,0,Euphoria,0.9999999997744453
2020-12-21,0,Euphoria,0.9999999995688995
2020-12-22,0,Euphoria,0.9999999979681888
2020-12-23,0,Euphoria,0.9999999987576302
2020-12-24,0,Euphoria,0.9999999992778612
2020-12-28,0,Euphoria,0.9999999980955181
2020-12-29,0,Euphoria,0.999999996050974
2020-12-30,0,Euphoria,0.9999999892916094
2020-12-31,0,Euphoria,0.9999999989577191
2021-01-04,0,Euphoria,0.9999999992905941
2021-01-05,0,Euphoria,0.9999999704996303
2021-01-06,0,Euphoria,0.9999999973624654
2021-01-07,0,Euphoria,0.9999999822794053
2021-01-08,0,Euphoria,0.9999999995088729
2021-01-11,0,Euphoria,0.999999999998181
2021-01-12,0,Euphoria,0.9999999895971996
2021-01-13,0,Euphoria,0.999999995712642
2021-01-14,0,Euphoria,0.9999999997653504
2021-01-15,0,Euphoria,0.9999999983119778
2021-01-19,0,Euphoria,0.9999999893916538
2021-01-20,0,Euphoria,0.9999999860756361
2021-01-21,0,Euphoria,0.999999999994543
2021-01-22,0,Euphoria,1.0
2021-01-25,0,Euphoria,0.9999999999126885
2021-01-26,0,Euphoria,0.9999999998581188
2021-01-27,0,Euphoria,0.9999996221395836
2021-01-28,2,Capitulation,0.999999999994543
2021-01-29,2,Capitulation,0.9997987150515589
2021-02-01,2,Capitulation,0.9999717019311376
2021-02-02,2,Capitulation,0.9849649451071398
2021-02-03,0,Euphoria,0.9979404309203304
2021-02-04,0,Euphoria,0.9999999999145075
2021-02-05,0,Euphoria,0.999999999998181
2021-02-08,0,Euphoria,1.0
2021-02-09,0,Euphoria,1.0
2021-02-10,0,Euphoria,0.999999999992724
2021-02-11,0,Euphoria,0.9999999994743121
2021-02-12,0,Euphoria,1.0
2021-02-16,0,Euphoria,1.0
2021-02-17,0,Euphoria,0.9999999999381544
2021-02-18,0,Euphoria,0.999999999990905
2021-02-19,0,Euphoria,0.9999999997362465
2021-02-22,0,Euphoria,1.0
2021-02-23,0,Euphoria,0.9999999999818101
2021-02-24,0,Euphoria,0.9999999995179678
2021-02-25,0,Euphoria,0.9999999998781277
2021-02-26,0,Euphoria,0.9881397819132755
2021-03-01,0,Euphoria,0.9950059019038758
2021-03-02,0,Euphoria,0.9896714783458399
2021-03-03,0,Euphoria,0.9999608125729146
2021-03-04,0,Euphoria,0.9999765699574732
2021-03-05,0,Euphoria,0.9996336743117662
2021-03-08,0,Euphoria,0.9992458377480935
2021-03-09,0,Euphoria,0.9999546730773763
2021-03-10,0,Euphoria,0.9999204628038849
2021-03-11,0,Euphoria,0.9999990908422246
2021-03-12,0,Euphoria,0.9999999633510022
2021-03-15,0,Euphoria,0.9999999999472493
2021-03-16,0,Euphoria,0.9999999999890861
2021-03-17,0,Euphoria,0.9999999999872671
2021-03-18,0,Euphoria,0.9999999999708962
2021-03-19,0,Euphoria,0.9999992440719453
2021-03-22,0,Euphoria,0.9999999253796005
2021-03-23,0,Euphoria,0.9999999993524398
2021-03-24,0,Euphoria,0.9999998734128974
2021-03-25,0,Euphoria,0.9999994123974737
2021-03-26,0,Euphoria,0.9999999954015948
2021-03-29,0,Euphoria,0.999999999834472
2021-03-30,0,Euphoria,0.9999999509091152
2021-03-31,0,Euphoria,0.9999999980682333
2021-04-01,0,Euphoria,0.9999999979590939
2021-04-05,0,Euphoria,0.9999999998581188
2021-04-06,0,Euphoria,0.9999999999126885
2021-04-07,0,Euphoria,0.9999999999072315
2021-04-08,0,Euphoria,0.999999999998181
2021-04-09,0,Euphoria,1.0
2021-04-12,0,Euphoria,1.0
2021-04-13,0,Euphoria,1.0
2021-04-14,0,Euphoria,1.0
2021-04-15,0,Euphoria,1.0
2021-04-16,0,Euphoria,1.0
2021-04-19,0,Euphoria,1.0
2021-04-20,0,Euphoria,1.0
2021-04-21,0,Euphoria,0.999999999996362
2021-04-22,0,Euphoria,0.9999999999636202
2021-04-23,0,Euphoria,0.999999990210199
2021-04-26,0,Euphoria,0.9999999334213521
2021-04-27,0,Euphoria,0.9999999978954293
2021-04-28,0,Euphoria,0.9999999970550562
2021-04-29,0,Euphoria,0.9999999995470716
2021-04-30,0,Euphoria,0.9999999994215614
2021-05-03,0,Euphoria,0.9999999999890861
2021-05-04,0,Euphoria,0.9999999999290594
2021-05-05,0,Euphoria,0.9999999998999556
2021-05-06,0,Euphoria,0.9999999891333573
2021-05-07,0,Euphoria,0.9999998703915565
2021-05-10,0,Euphoria,0.999999999994543
2021-05-11,0,Euphoria,0.9999999984156602
2021-05-12,0,Euphoria,0.9999836602553654
2021-05-13,0,Euphoria,0.9633645856618722
2021-05-14,0,Euphoria,0.9949554616930197
2021-05-17,0,Euphoria,0.9999332224666447
2021-05-18,0,Euphoria,0.9999991326734867
2021-05-19,0,Euphoria,0.9999957728776493
2021-05-20,0,Euphoria,0.9999939446917395
2021-05-21,0,Euphoria,0.9999948778990286
2021-05-24,0,Euphoria,0.9999996176903372
2021-05-25,0,Euphoria,0.9999999980791472
2021-05-26,0,Euphoria,0.9999999796909835
2021-05-27,0,Euphoria,1.0
2021-05-28,0,Euphoria,1.0
2021-06-01,0,Euphoria,0.999999999998181
2021-06-02,0,Euphoria,0.9999999999781721
2021-06-03,0,Euphoria,0.999999999998181
2021-06-04,0,Euphoria,0.9999999999836291
2021-06-07,0,Euphoria,1.0
2021-06-08,0,Euphoria,1.0
2021-06-09,0,Euphoria,0.999999999998181
2021-06-10,0,Euphoria,0.9999999999890861
2021-06-11,0,Euphoria,1.0
2021-06-14,0,Euphoria,1.0
2021-06-15,0,Euphoria,1.0
2021-06-16,0,Euphoria,0.9999999999563443
2021-06-17,0,Euphoria,0.9999999823721738
2021-06-18,0,Euphoria,0.9999999959945853
2021-06-21,0,Euphoria,0.9999965950941019
2021-06-22,0,Euphoria,0.9999994438987142
2021-06-23,0,Euphoria,0.9999999999599822
2021-06-24,0,Euphoria,1.0
2021-06-25,0,Euphoria,1.0
2021-06-28,0,Euphoria,1.0
2021-06-29,0,Euphoria,0.999999999998181
2021-06-30,0,Euphoria,0.999999999990905
2021-07-01,0,Euphoria,0.999999999994543
2021-07-02,0,Euphoria,1.0
2021-07-06,0,Euphoria,1.0
2021-07-07,0,Euphoria,0.9999999972988007
2021-07-08,0,Euphoria,0.9999999998490239
2021-07-09,0,Euphoria,0.9999999995106919
2021-07-12,0,Euphoria,0.999999999994543
2021-07-13,0,Euphoria,0.999999999994543
2021-07-14,0,Euphoria,0.9999999999745341
2021-07-15,0,Euphoria,0.9999999999727152
2021-07-16,0,Euphoria,0.999999998961357
2021-07-19,0,Euphoria,0.9999999036754208
2021-07-20,0,Euphoria,0.9999234495296327
2021-07-21,0,Euphoria,0.9999974373273385
2021-07-22,0,Euphoria,0.9999995886974766
2021-07-23,0,Euphoria,0.9999998349103544
2021-07-26,0,Euphoria,0.999999457411979
2021-07-27,0,Euphoria,0.999999922920327
2021-07-28,0,Euphoria,0.9999999002284362
2021-07-29,0,Euphoria,0.9999999515421235
2021-07-30,0,Euphoria,0.999999716616043
2021-08-02,0,Euphoria,0.9999995217368685
2021-08-03,0,Euphoria,0.9999998534513105
2021-08-04,0,Euphoria,0.9999999197989414
2021-08-05,0,Euphoria,0.9999999473984658
2021-08-06,0,Euphoria,0.9999999984447641
2021-08-09,0,Euphoria,1.0
2021-08-10,0,Euphoria,0.999999999994543
2021-08-11,0,Euphoria,0.999999999994543
2021-08-12,0,Euphoria,1.0
2021-08-13,0,Euphoria,1.0
2021-08-16,0,Euphoria,1.0
2021-08-17,0,Euphoria,1.0
2021-08-18,0,Euphoria,0.9999999994652171
2021-08-19,0,Euphoria,0.9999999310039153
2021-08-20,0,Euphoria,0.9999999560277512
2021-08-23,0,Euphoria,0.9999999980918801
2021-08-24,0,Euphoria,0.999999999665306
2021-08-25,0,Euphoria,0.9999999999472493
2021-08-26,0,Euphoria,0.9999999999599822
2021-08-27,0,Euphoria,0.9999999972151272
2021-08-30,0,Euphoria,0.9999999999727152
2021-08-31,0,Euphoria,0.999999999992724
2021-09-01,0,Euphoria,0.9999999999181455
2021-09-02,0,Euphoria,1.0
2021-09-03,0,Euphoria,0.9999999997762643
2021-09-07,0,Euphoria,0.999999999823558
2021-09-08,0,Euphoria,0.9999999997380655
2021-09-09,0,Euphoria,0.999999999998181
2021-09-10,0,Euphoria,0.9999999999545253
2021-09-13,0,Euphoria,0.9999999025531044
2021-09-14,0,Euphoria,0.9999996019560851
2021-09-15,0,Euphoria,0.9999977301348122
2021-09-16,0,Euphoria,0.9999999055671696
2021-09-17,0,Euphoria,0.9999999288102143
2021-09-20,0,Euphoria,0.9999896127095024
2021-09-21,0,Euphoria,0.9932226857940435
2021-09-22,0,Euphoria,0.9934068416874778
2021-09-23,0,Euphoria,0.9984445851073676
2021-09-24,0,Euphoria,0.9999972124244523
2021-09-27,0,Euphoria,0.9999999093670381
2021-09-28,0,Euphoria,0.9937089684063852
2021-09-29,2,Capitulation,0.8744803955472792
2021-09-30,2,Capitulation,0.9427779640476833
2021-10-01,2,Capitulation,0.9989227460728106
2021-10-04,2,Capitulation,0.999843275782748
2021-10-05,2,Capitulation,0.9983118239013856
2021-10-06,2,Capitulation,0.9128957487142907
2021-10-07,0,Euphoria,0.8830842172774238
2021-10-08,0,Euphoria,0.9991392735032697
2021-10-11,0,Euphoria,0.9999982196220504
2021-10-12,0,Euphoria,0.999962161981888
2021-10-13,0,Euphoria,0.9999867500178126
2021-10-14,0,Euphoria,0.9999999900592229
2021-10-15,0,Euphoria,0.999999999829015
2021-10-18,0,Euphoria,0.999999999996362
2021-10-19,0,Euphoria,0.9999999999163265
2021-10-20,0,Euphoria,0.9999999999727152
2021-10-21,0,Euphoria,0.999999999996362
2021-10-22,0,Euphoria,0.9999999999781721
2021-10-25,0,Euphoria,0.999999999992724
2021-10-26,0,Euphoria,0.999999999996362
2021-10-27,0,Euphoria,0.9999999999145075
2021-10-28,0,Euphoria,0.9999999931569619
2021-10-29,0,Euphoria,0.9999999973952072
2021-11-01,0,Euphoria,0.999999999998181
2021-11-02,0,Euphoria,0.999999999998181
2021-11-03,0,Euphoria,1.0
2021-11-04,0,Euphoria,1.0
2021-11-05,0,Euphoria,1.0
2021-11-08,0,Euphoria,1.0
2021-11-09,0,Euphoria,1.0
2021-11-10,0,Euphoria,1.0
2021-11-11,0,Euphoria,0.9999999996198312
2021-11-12,0,Euphoria,0.9999999998544808
2021-11-15,0,Euphoria,0.9999999942629074
2021-11-16,0,Euphoria,0.9999999994433892
2021-11-17,0,Euphoria,0.999999999996362
2021-11-18,0,Euphoria,0.9999999999818101
2021-11-19,0,Euphoria,0.9999999999890861
2021-11-22,0,Euphoria,0.9999999999763531
2021-11-23,0,Euphoria,0.9999999995434337
2021-11-24,0,Euphoria,0.9999999927713361
2021-11-26,0,Euphoria,0.9998719526889803
2021-11-29,2,Capitulation,0.9994074373719809
2021-11-30,2,Capitulation,0.9985707380135922
2021-12-01,2,Capitulation,0.9999840975915752
2021-12-02,2,Capitulation,0.9999999459050756
2021-12-03,2,Capitulation,0.9999990430465036
2021-12-06,2,Capitulation,0.9999740777288231
2021-12-07,2,Capitulation,0.9640158377111998
2021-12-08,0,Euphoria,0.7598401737840224
2021-12-09,0,Euphoria,0.9996017108435498
2021-12-10,0,Euphoria,0.9999976662811552
2021-12-13,0,Euphoria,0.9999998727926221
2021-12-14,0,Euphoria,0.9999988897349592
2021-12-15,0,Euphoria,0.9999950851318135
2021-12-16,0,Euphoria,0.9999997898521763
2021-12-17,0,Euphoria,0.9999978074544222
2021-12-20,0,Euphoria,0.9999942382348771
2021-12-21,0,Euphoria,0.9999330359508496
2021-12-22,0,Euphoria,0.9999880769629755
2021-12-23,0,Euphoria,0.9999999997744453
2021-12-27,0,Euphoria,0.9999999999454303
2021-12-28,0,Euphoria,0.9999999996362021
2021-12-29,0,Euphoria,0.999999999990905
2021-12-30,0,Euphoria,0.9999999999690772
2021-12-31,0,Euphoria,0.9999999998963176
2022-01-03,0,Euphoria,0.999999999996362
2022-01-04,0,Euphoria,1.0
2022-01-05,0,Euphoria,0.999999999998181
2022-01-06,0,Euphoria,0.9999984117251978
2022-01-07,0,Euphoria,0.9999998548282852
2022-01-10,0,Euphoria,0.9999999240481003
2022-01-11,0,Euphoria,0.9999999659066822
2022-01-12,0,Euphoria,0.9999999799056243
2022-01-13,0,Euphoria,0.999999996573024
2022-01-14,0,Euphoria,0.9999645178142155
2022-01-18,0,Euphoria,0.9986924302746861
2022-01-19,0,Euphoria,0.8867632152890446
2022-01-20,0,Euphoria,0.7108910140168776
2022-01-21,2,Capitulation,0.736483503756702
2022-01-24,2,Capitulation,0.9998557378534136
2022-01-25,2,Capitulation,0.9999890089569932
2022-01-26,2,Capitulation,0.9999998750936434
2022-01-27,2,Capitulation,0.9999998857292732
2022-01-28,2,Capitulation,0.999999885261793
2022-01-31,2,Capitulation,0.9999999990759534
2022-02-01,2,Capitulation,0.9999999411629705
2022-02-02,2,Capitulation,0.9999997264786008
2022-02-03,2,Capitulation,0.9999993997045732
2022-02-04,2,Capitulation,0.999999973104423
2022-02-07,2,Capitulation,0.9999971455458575
2022-02-08,2,Capitulation,0.9999972532788411
2022-02-09,2,Capitulation,0.9998782366742585
2022-02-10,2,Capitulation,0.9997498230660592
2022-02-11,2,Capitulation,0.9999999396022776
2022-02-14,2,Capitulation,0.9999999710325942
2022-02-15,2,Capitulation,0.9999998435596475
2022-02-16,2,Capitulation,0.9999995455528856
2022-02-17,2,Capitulation,0.9998907223447946
2022-02-18,2,Capitulation,0.9999986383090976
2022-02-22,2,Capitulation,0.999857449304259
2022-02-23,2,Capitulation,0.9998474025986963
2022-02-24,2,Capitulation,0.9999601704422751
2022-02-25,2,Capitulation,0.9999903841133652
2022-02-28,2,Capitulation,0.9999921102846394
2022-03-01,2,Capitulation,0.9996160208254478
2022-03-02,2,Capitulation,0.9999942188045444
2022-03-03,2,Capitulation,0.9999995592971634
2022-03-04,2,Capitulation,0.9999882375305447
2022-03-07,2,Capitulation,0.9999593809325883
2022-03-08,2,Capitulation,0.9999999999436113
2022-03-09,2,Capitulation,0.9999999599058363
2022-03-10,2,Capitulation,0.999999999832653
2022-03-11,2,Capitulation,0.9999998964322057
2022-03-14,2,Capitulation,0.9999999219799095
2022-03-15,2,Capitulation,0.9999741318332618
2022-03-16,2,Capitulation,0.9835630932477715
2022-03-17,0,Euphoria,0.9447021474877243
2022-03-18,0,Euphoria,0.9999776555491582
2022-03-21,0,Euphoria,0.9999995887756932
2022-03-22,0,Euphoria,0.9999988610295196
2022-03-23,0,Euphoria,0.9999977166761402
2022-03-24,0,Euphoria,0.9997611096558014
2022-03-25,0,Euphoria,0.9999994651244899
2022-03-28,0,Euphoria,0.9999999558385763
2022-03-29,0,Euphoria,0.9999999231513387
2022-03-30,0,Euphoria,0.9999991692551515
2022-03-31,0,Euphoria,0.9999985703753952
2022-04-01,0,Euphoria,0.9999606567025572
2022-04-04,0,Euphoria,0.9999981227937835
2022-04-05,0,Euphoria,0.997225753341782
2022-04-06,2,Capitulation,0.9764517375935821
2022-04-07,2,Capitulation,0.9945734323319182
2022-04-08,2,Capitulation,0.9981916517496037
2022-04-11,2,Capitulation,0.9998993571506081
2022-04-12,2,Capitulation,0.9999985594742072
2022-04-13,2,Capitulation,0.9998551187753058
2022-04-14,2,Capitulation,0.9999993858093216
2022-04-18,2,Capitulation,0.9999999793872123
2022-04-19,2,Capitulation,0.9999999974716047
2022-04-20,2,Capitulation,0.9999998386174541
2022-04-21,2,Capitulation,0.9999965434277042
2022-04-22,2,Capitulation,0.9999991452245028
2022-04-25,2,Capitulation,0.999999948042388
2022-04-26,2,Capitulation,0.9999991639036891
2022-04-27,2,Capitulation,0.9999999999690772
2022-04-28,2,Capitulation,0.9999999998053681
2022-04-29,2,Capitulation,0.9999999995161488
2022-05-02,2,Capitulation,1.0
2022-05-03,2,Capitulation,0.9999999992123776
2022-05-04,2,Capitulation,0.999999999829015
2022-05-05,2,Capitulation,0.9999999961637513
2022-05-06,2,Capitulation,0.9999998710918673
2022-05-09,2,Capitulation,0.9997674152237102
2022-05-10,2,Capitulation,0.98402547127013
2022-05-11,2,Capitulation,0.8248585407637447
2022-05-12,1,Complacency,0.8885618376662684
2022-05-13,1,Complacency,0.9811294004355848
2022-05-16,1,Complacency,0.9970429248080555
2022-05-17,1,Complacency,0.9999514798894575
2022-05-18,1,Complacency,0.9999987823255789
2022-05-19,1,Complacency,0.99999909625917
2022-05-20,1,Complacency,0.9999999677584134
2022-05-23,1,Complacency,0.9999999982210284
2022-05-24,1,Complacency,0.9999999999818101
2022-05-25,1,Complacency,0.999999999998181
2022-05-26,1,Complacency,1.0
2022-05-27,1,Complacency,1.0
2022-05-31,1,Complacency,0.9999999999872671
2022-06-01,1,Complacency,0.9999999999799911
2022-06-02,1,Complacency,0.999999999992724
2022-06-03,1,Complacency,1.0
2022-06-06,1,Complacency,1.0
2022-06-07,1,Complacency,0.9999999999690772
2022-06-08,1,Complacency,0.9999999998071871
2022-06-09,1,Complacency,0.9999999991832738
2022-06-10,1,Complacency,0.9999999992724042
2022-06-13,1,Complacency,0.9999999999472493
2022-06-14,1,Complacency,1.0
2022-06-15,1,Complacency,1.0
2022-06-16,1,Complacency,1.0
2022-06-17,1,Complacency,1.0
2022-06-21,1,Complacency,1.0
2022-06-22,1,Complacency,1.0
2022-06-23,1,Complacency,1.0
2022-06-24,1,Complacency,1.0
2022-06-27,1,Complacency,1.0
2022-06-28,1,Complacency,1.0
2022-06-29,1,Complacency,1.0
2022-06-30,1,Complacency,1.0
2022-07-01,1,Complacency,1.0
2022-07-05,1,Complacency,1.0
2022-07-06,1,Complacency,1.0
2022-07-07,1,Complacency,1.0
2022-07-08,1,Complacency,1.0
2022-07-11,1,Complacency,1.0
2022-07-12,1,Complacency,1.0
2022-07-13,1,Complacency,1.0
2022-07-14,1,Complacency,1.0
2022-07-15,1,Complacency,1.0
2022-07-18,1,Complacency,1.0
2022-07-19,1,Complacency,1.0
2022-07-20,1,Complacency,1.0
2022-07-21,1,Complacency,1.0
2022-07-22,1,Complacency,1.0
2022-07-25,1,Complacency,1.0
2022-07-26,1,Complacency,1.0
2022-07-27,1,Complacency,1.0
2022-07-28,1,Complacency,1.0
2022-07-29,1,Complacency,1.0
2022-08-01,1,Complacency,1.0
2022-08-02,1,Complacency,1.0
2022-08-03,1,Complacency,1.0
2022-08-04,1,Complacency,1.0
2022-08-05,1,Complacency,1.0
2022-08-08,1,Complacency,1.0
2022-08-09,1,Complacency,1.0
2022-08-10,1,Complacency,1.0
2022-08-11,1,Complacency,1.0
2022-08-12,1,Complacency,1.0
2022-08-15,1,Complacency,1.0
2022-08-16,1,Complacency,1.0
2022-08-17,1,Complacency,1.0
2022-08-18,1,Complacency,1.0
2022-08-19,1,Complacency,1.0
2022-08-22,1,Complacency,1.0
2022-08-23,1,Complacency,1.0
2022-08-24,1,Complacency,1.0
2022-08-25,1,Complacency,1.0
2022-08-26,1,Complacency,1.0
2022-08-29,1,Complacency,1.0
2022-08-30,1,Complacency,1.0
2022-08-31,1,Complacency,1.0
2022-09-01,1,Complacency,1.0
2022-09-02,1,Complacency,1.0
2022-09-06,1,Complacency,1.0
2022-09-07,1,Complacency,1.0
2022-09-08,1,Complacency,1.0
2022-09-09,1,Complacency,1.0
2022-09-12,1,Complacency,1.0
2022-09-13,1,Complacency,1.0
2022-09-14,1,Complacency,1.0
2022-09-15,1,Complacency,1.0
2022-09-16,1,Complacency,1.0
2022-09-19,1,Complacency,1.0
2022-09-20,1,Complacency,1.0
2022-09-21,1,Complacency,1.0
2022-09-22,1,Complacency,1.0
2022-09-23,1,Complacency,1.0
2022-09-26,1,Complacency,1.0
2022-09-27,1,Complacency,1.0
2022-09-28,1,Complacency,1.0
2022-09-29,1,Complacency,1.0
2022-09-30,1,Complacency,1.0
2022-10-03,1,Complacency,1.0
2022-10-04,1,Complacency,1.0
2022-10-05,1,Complacency,1.0
2022-10-06,1,Complacency,1.0
2022-10-07,1,Complacency,1.0
2022-10-10,1,Complacency,1.0
2022-10-11,1,Complacency,1.0
2022-10-12,1,Complacency,1.0
2022-10-13,1,Complacency,1.0
2022-10-14,1,Complacency,1.0
2022-10-17,1,Complacency,1.0
2022-10-18,1,Complacency,1.0
2022-10-19,1,Complacency,1.0
2022-10-20,1,Complacency,1.0
2022-10-21,1,Complacency,1.0
2022-10-24,1,Complacency,1.0
2022-10-25,1,Complacency,1.0
2022-10-26,1,Complacency,1.0
2022-10-27,1,Complacency,1.0
2022-10-28,1,Complacency,1.0
2022-10-31,1,Complacency,1.0
2022-11-01,1,Complacency,1.0
2022-11-02,1,Complacency,1.0
2022-11-03,1,Complacency,1.0
2022-11-04,1,Complacency,1.0
2022-11-07,1,Complacency,1.0
2022-11-08,1,Complacency,1.0
2022-11-09,1,Complacency,1.0
2022-11-10,1,Complacency,1.0
2022-11-11,1,Complacency,1.0
2022-11-14,1,Complacency,1.0
2022-11-15,1,Complacency,1.0
2022-11-16,1,Complacency,1.0
2022-11-17,1,Complacency,1.0
2022-11-18,1,Complacency,1.0
2022-11-21,1,Complacency,1.0
2022-11-22,1,Complacency,1.0
2022-11-23,1,Complacency,1.0
2022-11-25,1,Complacency,1.0
2022-11-28,1,Complacency,1.0
2022-11-29,1,Complacency,1.0
2022-11-30,1,Complacency,1.0
2022-12-01,1,Complacency,1.0
2022-12-02,1,Complacency,1.0
2022-12-05,1,Complacency,1.0
2022-12-06,1,Complacency,1.0
2022-12-07,1,Complacency,1.0
2022-12-08,1,Complacency,1.0
2022-12-09,1,Complacency,1.0
2022-12-12,1,Complacency,1.0
2022-12-13,1,Complacency,1.0
2022-12-14,1,Complacency,1.0
2022-12-15,1,Complacency,1.0
2022-12-16,1,Complacency,1.0
2022-12-19,1,Complacency,1.0
2022-12-20,1,Complacency,1.0
2022-12-21,1,Complacency,1.0
2022-12-22,1,Complacency,1.0
2022-12-23,1,Complacency,1.0
2022-12-27,1,Complacency,1.0
2022-12-28,1,Complacency,1.0
2022-12-29,1,Complacency,1.0
2022-12-30,1,Complacency,1.0
2023-01-03,1,Complacency,1.0
2023-01-04,1,Complacency,1.0
2023-01-05,1,Complacency,1.0
2023-01-06,1,Complacency,1.0
2023-01-09,1,Complacency,1.0
2023-01-10,1,Complacency,1.0
2023-01-11,1,Complacency,1.0
2023-01-12,1,Complacency,1.0
2023-01-13,1,Complacency,1.0
2023-01-17,1,Complacency,1.0
2023-01-18,1,Complacency,1.0
2023-01-19,1,Complacency,1.0
2023-01-20,1,Complacency,1.0
2023-01-23,1,Complacency,1.0
2023-01-24,1,Complacency,1.0
2023-01-25,1,Complacency,1.0
2023-01-26,1,Complacency,1.0
2023-01-27,1,Complacency,1.0
2023-01-30,1,Complacency,1.0
2023-01-31,1,Complacency,1.0
2023-02-01,1,Complacency,1.0
2023-02-02,1,Complacency,1.0
2023-02-03,1,Complacency,1.0
2023-02-06,1,Complacency,1.0
2023-02-07,1,Complacency,1.0
2023-02-08,1,Complacency,1.0
2023-02-09,1,Complacency,1.0
2023-02-10,1,Complacency,1.0
2023-02-13,1,Complacency,1.0
2023-02-14,1,Complacency,1.0
2023-02-15,1,Complacency,1.0
2023-02-16,1,Complacency,1.0
2023-02-17,1,Complacency,1.0
2023-02-21,1,Complacency,1.0
2023-02-22,1,Complacency,1.0
2023-02-23,1,Complacency,1.0
2023-02-24,1,Complacency,1.0
2023-02-27,1,Complacency,1.0
2023-02-28,1,Complacency,1.0
2023-03-01,1,Complacency,1.0
2023-03-02,1,Complacency,1.0
2023-03-03,1,Complacency,1.0
2023-03-06,1,Complacency,1.0
2023-03-07,1,Complacency,1.0
2023-03-08,1,Complacency,1.0
2023-03-09,1,Complacency,1.0
2023-03-10,1,Complacency,1.0
2023-03-13,1,Complacency,1.0
2023-03-14,1,Complacency,1.0
2023-03-15,1,Complacency,1.0
2023-03-16,1,Complacency,1.0
2023-03-17,1,Complacency,1.0
2023-03-20,1,Complacency,1.0
2023-03-21,1,Complacency,1.0
2023-03-22,1,Complacency,1.0
2023-03-23,1,Complacency,1.0
2023-03-24,1,Complacency,1.0
2023-03-27,1,Complacency,1.0
2023-03-28,1,Complacency,1.0
2023-03-29,1,Complacency,1.0
2023-03-30,1,Complacency,1.0
2023-03-31,1,Complacency,1.0
2023-04-03,1,Complacency,1.0
2023-04-04,1,Complacency,1.0
2023-04-05,1,Complacency,1.0
2023-04-06,1,Complacency,1.0
2023-04-10,1,Complacency,1.0
2023-04-11,1,Complacency,1.0
2023-04-12,1,Complacency,1.0
2023-04-13,1,Complacency,1.0
2023-04-14,1,Complacency,1.0
2023-04-17,1,Complacency,1.0
2023-04-18,1,Complacency,1.0
2023-04-19,1,Complacency,0.9999999995507096
2023-04-20,1,Complacency,0.9999753893489323
2023-04-21,1,Complacency,0.9534163235074241
2023-04-24,0,Euphoria,0.6813512550319883
2023-04-25,2,Capitulation,0.7175182387112374
2023-04-26,2,Capitulation,0.819533625264453
2023-04-27,2,Capitulation,0.8191097062605629
2023-04-28,2,Capitulation,0.7727638228781822
2023-05-01,1,Complacency,0.9047102765634217
2023-05-02,1,Complacency,0.9812564195661865
2023-05-03,1,Complacency,0.9895309250970316
2023-05-04,1,Complacency,0.9899154832178868
2023-05-05,1,Complacency,0.9902824922994623
2023-05-08,1,Complacency,0.9902864042860617
2023-05-09,1,Complacency,0.9902896550245794
2023-05-10,1,Complacency,0.9903056768391957
2023-05-11,1,Complacency,0.9903241327308269
2023-05-12,1,Complacency,0.9904219500390098
2023-05-15,1,Complacency,0.9906498100714877
2023-05-16,1,Complacency,0.9912330740451734
2023-05-17,1,Complacency,0.9912614413682803
2023-05-18,1,Complacency,0.9855970418169892
2023-05-19,0,Euphoria,0.7503500670841324
2023-05-22,0,Euphoria,0.9343656714961962
2023-05-23,0,Euphoria,0.9769634538825265
2023-05-24,0,Euphoria,0.9902728707641885
2023-05-25,0,Euphoria,0.9996168987348878
2023-05-26,0,Euphoria,0.9998855183782076
2023-05-30,0,Euphoria,0.9999718167279548
2023-05-31,0,Euphoria,0.9999974638081186
2023-06-01,0,Euphoria,0.9999622599635064
2023-06-02,0,Euphoria,0.9999998367529903
2023-06-05,0,Euphoria,0.9999997929317247
2023-06-06,0,Euphoria,0.9999952949275852
2023-06-07,0,Euphoria,0.9999999837964425
2023-06-08,0,Euphoria,0.9999983886240693
2023-06-09,0,Euphoria,0.9999999902775016
2023-06-12,0,Euphoria,0.9999999996816769
2023-06-13,0,Euphoria,0.9999999998999556
2023-06-14,0,Euphoria,0.999999999998181
2023-06-15,0,Euphoria,1.0
2023-06-16,0,Euphoria,1.0
2023-06-20,0,Euphoria,1.0
2023-06-21,0,Euphoria,0.9999999998708518
2023-06-22,0,Euphoria,0.9999999988867785
2023-06-23,0,Euphoria,0.999999999992724
2023-06-26,0,Euphoria,0.99999959554415
2023-06-27,0,Euphoria,0.9999647003324285
2023-06-28,0,Euphoria,0.9999997755949405
2023-06-29,0,Euphoria,0.9999999951287464
2023-06-30,0,Euphoria,0.9999996308961954
2023-07-03,0,Euphoria,0.9999999806768758
2023-07-05,0,Euphoria,0.9999991798452991
2023-07-06,0,Euphoria,0.9999981946182669
2023-07-07,0,Euphoria,0.9999954425633574
2023-07-10,0,Euphoria,0.9901650505634553
2023-07-11,0,Euphoria,0.9999659352451593
2023-07-12,0,Euphoria,0.9999999498813862
2023-07-13,0,Euphoria,0.9999999975407263
2023-07-14,0,Euphoria,0.9999999997926352
2023-07-17,0,Euphoria,0.9999999999890861
2023-07-18,0,Euphoria,1.0
2023-07-19,0,Euphoria,1.0
2023-07-20,0,Euphoria,1.0
2023-07-21,0,Euphoria,0.9999999999836291
2023-07-24,0,Euphoria,0.9999999996834958
2023-07-25,0,Euphoria,0.9999999999490683
2023-07-26,0,Euphoria,0.9999999999890861
2023-07-27,0,Euphoria,1.0
2023-07-28,0,Euphoria,1.0
2023-07-31,0,Euphoria,1.0
2023-08-01,0,Euphoria,1.0
2023-08-02,0,Euphoria,0.999999999998181
2023-08-03,0,Euphoria,0.9999999996216502
2023-08-04,0,Euphoria,0.9999999995015969
2023-08-07,0,Euphoria,0.999999999319698
2023-08-08,0,Euphoria,0.9999998863095307
2023-08-09,0,Euphoria,0.999999722016621
2023-08-10,0,Euphoria,0.9999993453040912
2023-08-11,0,Euphoria,0.9999979085445418
2023-08-14,0,Euphoria,0.9999810530474476
2023-08-15,0,Euphoria,0.9999679432703122
2023-08-16,0,Euphoria,0.979509708730827
2023-08-17,0,Euphoria,0.8622418917798377
2023-08-18,2,Capitulation,0.9696948553589521
2023-08-21,2,Capitulation,0.99995382409564
2023-08-22,2,Capitulation,0.9996620737374992
2023-08-23,2,Capitulation,0.9825229383741428
2023-08-24,0,Euphoria,0.9616689183955534
2023-08-25,0,Euphoria,0.9910043204342159
2023-08-28,0,Euphoria,0.9999898256818681
2023-08-29,0,Euphoria,0.9999984994003516
2023-08-30,0,Euphoria,0.9999999996816769
2023-08-31,0,Euphoria,0.9999999999872671
2023-09-01,0,Euphoria,0.9999999996889528
2023-09-05,0,Euphoria,0.9999999942283466
2023-09-06,0,Euphoria,0.999999685440393
2023-09-07,0,Euphoria,0.9999923893227273
2023-09-08,0,Euphoria,0.9999990820947126
2023-09-11,0,Euphoria,0.9999995229828756
2023-09-12,0,Euphoria,0.9999998976036347
2023-09-13,0,Euphoria,0.9999154185908837
2023-09-14,0,Euphoria,0.9999973843876079
2023-09-15,0,Euphoria,0.9999962391864534
2023-09-18,2,Capitulation,0.9936313203468167
2023-09-19,2,Capitulation,0.9997503959718244
2023-09-20,2,Capitulation,0.9999997788309218
2023-09-21,2,Capitulation,0.999999996747647
2023-09-22,2,Capitulation,0.999999999650754
2023-09-25,2,Capitulation,0.9999999991632649
2023-09-26,2,Capitulation,0.9999999964657036
2023-09-27,2,Capitulation,0.999999999996362
2023-09-28,2,Capitulation,1.0
2023-09-29,2,Capitulation,1.0
2023-10-02,2,Capitulation,1.0
2023-10-03,2,Capitulation,1.0
2023-10-04,2,Capitulation,1.0
2023-10-05,2,Capitulation,1.0
2023-10-06,2,Capitulation,1.0
2023-10-09,2,Capitulation,0.9999999999763531
2023-10-10,2,Capitulation,0.9999999997598934
2023-10-11,2,Capitulation,0.999999951463907
2023-10-12,2,Capitulation,0.999999485891881
2023-10-13,2,Capitulation,0.9999999850097084
2023-10-16,2,Capitulation,0.9999956317774287
2023-10-17,2,Capitulation,0.9999792786930387
2023-10-18,2,Capitulation,0.999764893524613
2023-10-19,2,Capitulation,0.9999853305346778
2023-10-20,2,Capitulation,0.9993778463623277
2023-10-23,2,Capitulation,0.999991902266674
2023-10-24,2,Capitulation,0.9999887168778416
2023-10-25,2,Capitulation,0.999982049877087
2023-10-26,2,Capitulation,0.9996841877007383
2023-10-27,2,Capitulation,0.9977512017663824
2023-10-30,2,Capitulation,0.9960788083144042
2023-10-31,2,Capitulation,0.993728381653605
2023-11-01,2,Capitulation,0.9532660078359102
2023-11-02,1,Complacency,0.5747863664489349
2023-11-03,1,Complacency,0.8449499084055947
2023-11-06,1,Complacency,0.9595017532795242
2023-11-07,1,Complacency,0.9859018236373965
2023-11-08,1,Complacency,0.995240503549766
2023-11-09,1,Complacency,0.9982603507703954
2023-11-10,1,Complacency,0.9984968976736893
2023-11-13,1,Complacency,0.9959842367747024
2023-11-14,1,Complacency,0.9418195049024363
2023-11-15,0,Euphoria,0.9986692242604626
2023-11-16,0,Euphoria,0.999999964926247
2023-11-17,0,Euphoria,0.9999999999872671
2023-11-20,0,Euphoria,0.9999999999654392
2023-11-21,0,Euphoria,0.9999999999781721
2023-11-22,0,Euphoria,0.9999999987267074
2023-11-24,0,Euphoria,0.9999999974897946
2023-11-27,0,Euphoria,0.9999996572988171
2023-11-28,0,Euphoria,0.9999718252605936
2023-11-29,0,Euphoria,0.9999237493143798
2023-11-30,0,Euphoria,0.9996666642004685
2023-12-01,0,Euphoria,0.9999999881893018
2023-12-04,0,Euphoria,0.9999999699921323
2023-12-05,0,Euphoria,0.9975011069378001
2023-12-06,2,Capitulation,0.527208783892882
2023-12-07,2,Capitulation,0.9561580810851897
2023-12-08,2,Capitulation,0.8460648242827762
2023-12-11,0,Euphoria,0.7597114989815433
2023-12-12,0,Euphoria,0.8719402785325078
2023-12-13,0,Euphoria,0.9992797303620472
2023-12-14,0,Euphoria,0.9999994673454748
2023-12-15,0,Euphoria,0.9999999946430762
2023-12-18,0,Euphoria,0.9999990173514842
2023-12-19,0,Euphoria,0.9999999507217593
2023-12-20,0,Euphoria,0.9999999996180122
2023-12-21,0,Euphoria,0.9999999998071871
2023-12-22,0,Euphoria,0.9999999999745341
2023-12-26,0,Euphoria,0.9999999999581632
2023-12-27,0,Euphoria,0.999999999998181
2023-12-28,0,Euphoria,0.999999999998181
2023-12-29,0,Euphoria,0.9999999999836291
2024-01-02,0,Euphoria,0.9999999997853593
2024-01-03,0,Euphoria,0.9999999999345164
2024-01-04,0,Euphoria,0.9999999998472049
2024-01-05,0,Euphoria,0.9999968394908969
2024-01-08,0,Euphoria,0.9995820861410795
2024-01-09,0,Euphoria,0.9999968162606568
2024-01-10,0,Euphoria,0.9998895440074231
2024-01-11,0,Euphoria,0.9999089405162143
2024-01-12,0,Euphoria,0.9999999399697135
2024-01-16,0,Euphoria,0.9999972950863797
2024-01-17,0,Euphoria,0.9999998145213057
2024-01-18,0,Euphoria,0.9999464984973048
2024-01-19,0,Euphoria,0.9999958390703961
2024-01-22,0,Euphoria,0.9999999911815394
2024-01-23,0,Euphoria,0.9999999999672582
2024-01-24,0,Euphoria,1.0
2024-01-25,0,Euphoria,1.0
2024-01-26,0,Euphoria,1.0
2024-01-29,0,Euphoria,1.0
2024-01-30,0,Euphoria,1.0
2024-01-31,0,Euphoria,1.0
2024-02-01,0,Euphoria,1.0
2024-02-02,0,Euphoria,1.0
2024-02-05,0,Euphoria,1.0
2024-02-06,0,Euphoria,1.0
2024-02-07,0,Euphoria,1.0
2024-02-08,0,Euphoria,1.0
2024-02-09,0,Euphoria,1.0
2024-02-12,0,Euphoria,1.0
2024-02-13,0,Euphoria,1.0
2024-02-14,0,Euphoria,1.0
2024-02-15,0,Euphoria,1.0
2024-02-16,0,Euphoria,1.0
2024-02-20,0,Euphoria,0.9999999999890861
2024-02-21,0,Euphoria,0.999999999992724
2024-02-22,0,Euphoria,1.0
2024-02-23,0,Euphoria,1.0
2024-02-26,0,Euphoria,0.999999999996362
2024-02-27,0,Euphoria,0.9999999999708962
2024-02-28,0,Euphoria,0.999999999990905
2024-02-29,0,Euphoria,0.9999999998435669
2024-03-01,0,Euphoria,0.9999999999818101
2024-03-04,0,Euphoria,0.999999999998181
2024-03-05,0,Euphoria,0.9999999999890861
2024-03-06,0,Euphoria,0.999999999994543
2024-03-07,0,Euphoria,1.0
2024-03-08,0,Euphoria,1.0
2024-03-11,0,Euphoria,1.0
2024-03-12,0,Euphoria,1.0
2024-03-13,0,Euphoria,1.0
2024-03-14,0,Euphoria,0.9999999999126885
2024-03-15,0,Euphoria,0.9999999991559889
2024-03-18,0,Euphoria,0.9999915151998522
2024-03-19,0,Euphoria,0.999999561439932
2024-03-20,0,Euphoria,0.9999999929950718
2024-03-21,0,Euphoria,0.999999999992724
2024-03-22,0,Euphoria,0.9999999999618012
2024-03-25,0,Euphoria,0.9999999999854481
2024-03-26,0,Euphoria,0.9999999998071871
2024-03-27,0,Euphoria,0.9999999945957825
2024-03-28,0,Euphoria,0.9999999999836291
2024-04-01,0,Euphoria,0.9999999999472493
2024-04-02,0,Euphoria,0.9999999985702743
2024-04-03,0,Euphoria,0.9999999667106755
2024-04-04,0,Euphoria,0.9999999590800153
2024-04-05,0,Euphoria,0.9999999913015927
2024-04-08,0,Euphoria,1.0
2024-04-09,0,Euphoria,0.9999999999745341
2024-04-10,0,Euphoria,0.9999999856208888
2024-04-11,0,Euphoria,0.9968023894752888
2024-04-12,0,Euphoria,0.9763308788255534
2024-04-15,0,Euphoria,0.8441484052697846
2024-04-16,2,Capitulation,0.5349348617735838
2024-04-17,2,Capitulation,0.8974016940659406
2024-04-18,2,Capitulation,0.9997735261235564
2024-04-19,2,Capitulation,0.999999979958375
2024-04-22,2,Capitulation,0.9999999999236024
2024-04-23,2,Capitulation,0.9999999996889528
2024-04-24,2,Capitulation,0.9999999600222517
2024-04-25,2,Capitulation,0.9999996533588874
2024-04-26,2,Capitulation,0.9999999814772311
2024-04-29,2,Capitulation,0.9999988424503832
2024-04-30,2,Capitulation,0.9999612781978731
2024-05-01,2,Capitulation,0.9999989595367834
2024-05-02,2,Capitulation,0.9952383803277611
2024-05-03,0,Euphoria,0.9977582187635708
2024-05-06,0,Euphoria,0.9999996489842194
2024-05-07,0,Euphoria,0.9999999964129529
2024-05-08,0,Euphoria,0.9999999982701411
2024-05-09,0,Euphoria,0.9999999967603799
2024-05-10,0,Euphoria,0.9999999995670805
2024-05-13,0,Euphoria,0.9999999993524398
2024-05-14,0,Euphoria,0.9999999000810981
2024-05-15,0,Euphoria,0.9999999988140189
2024-05-16,0,Euphoria,0.9999999999890861
2024-05-17,0,Euphoria,0.999999999830834
2024-05-20,0,Euphoria,0.9999999997562554
2024-05-21,0,Euphoria,1.0
2024-05-22,0,Euphoria,1.0
2024-05-23,0,Euphoria,0.999999999998181
2024-05-24,0,Euphoria,0.9999999511510408
2024-05-28,0,Euphoria,0.9999999997071427
2024-05-29,0,Euphoria,0.9999999914889486
2024-05-30,0,Euphoria,0.9999999027659262
2024-05-31,0,Euphoria,0.9995431211410089
2024-06-03,0,Euphoria,0.9980964777378533
2024-06-04,0,Euphoria,0.9994794184316507
2024-06-05,0,Euphoria,0.9999300899189734
2024-06-06,0,Euphoria,0.9999450111539753
2024-06-07,0,Euphoria,0.9999218873822923
2024-06-10,0,Euphoria,0.9999948553891503
2024-06-11,0,Euphoria,0.9999698220714679
2024-06-12,0,Euphoria,0.9998857285947752
2024-06-13,0,Euphoria,0.9999999685915104
2024-06-14,0,Euphoria,0.9999999997562554
2024-06-17,0,Euphoria,0.9999999989868229
2024-06-18,0,Euphoria,0.9999999998017302
2024-06-20,0,Euphoria,0.999999999998181
2024-06-21,0,Euphoria,1.0
2024-06-24,0,Euphoria,1.0
2024-06-25,0,Euphoria,0.999999999994543
2024-06-26,0,Euphoria,0.9999999993433448
2024-06-27,0,Euphoria,0.9999999984283932
2024-06-28,0,Euphoria,0.9999999976116669
2024-07-01,0,Euphoria,0.9999997992290648
2024-07-02,0,Euphoria,0.9999999909596227
2024-07-03,0,Euphoria,0.9999999999345164
2024-07-05,0,Euphoria,0.999999999148713
2024-07-08,0,Euphoria,0.9999999998835847
2024-07-09,0,Euphoria,0.9999999995870894
2024-07-10,0,Euphoria,0.9999999961964932
2024-07-11,0,Euphoria,0.9999999999854481
2024-07-12,0,Euphoria,0.9999999997580744
2024-07-15,0,Euphoria,0.9999999999636202
2024-07-16,0,Euphoria,1.0
2024-07-17,0,Euphoria,1.0
2024-07-18,0,Euphoria,1.0
2024-07-19,0,Euphoria,1.0
2024-07-22,0,Euphoria,0.999999999998181
2024-07-23,0,Euphoria,0.999999999998181
2024-07-24,0,Euphoria,0.9999999999836291
2024-07-25,0,Euphoria,0.9999987241798362
2024-07-26,0,Euphoria,0.999999521485848
2024-07-29,0,Euphoria,0.9999990348046706
2024-07-30,0,Euphoria,0.9999994498140644
2024-07-31,0,Euphoria,0.9999955731352872
2024-08-01,0,Euphoria,0.9999999150550174
2024-08-02,0,Euphoria,0.999997949669988
2024-08-05,0,Euphoria,0.9812754399364441
2024-08-06,2,Capitulation,1.0
2024-08-07,2,Capitulation,0.999994202133603
2024-08-08,2,Capitulation,0.9999965227422284
2024-08-09,2,Capitulation,0.9999974744491797
2024-08-12,2,Capitulation,0.9999170201441658
2024-08-13,2,Capitulation,0.9985153150534581
2024-08-14,2,Capitulation,0.9743569909127898
2024-08-15,0,Euphoria,0.9761029952164383
2024-08-16,0,Euphoria,0.9998365764568627
2024-08-19,0,Euphoria,0.9999996011993857
2024-08-20,0,Euphoria,0.9999999735391615
2024-08-21,0,Euphoria,0.9999992439300642
2024-08-22,0,Euphoria,0.999998301498259
2024-08-23,0,Euphoria,0.99999725551983
2024-08-26,0,Euphoria,0.999999999830834
2024-08-27,0,Euphoria,0.9999999981373549
2024-08-28,0,Euphoria,0.9999999999399733
2024-08-29,0,Euphoria,0.9999999972696969
2024-08-30,0,Euphoria,0.9999999993633537
2024-09-03,0,Euphoria,0.9999999992232915
2024-09-04,0,Euphoria,0.999266245565161
2024-09-05,0,Euphoria,0.9991101174519803
2024-09-06,0,Euphoria,0.7251009348628206
2024-09-09,0,Euphoria,0.6276011935394304
2024-09-10,0,Euphoria,0.5407650206844273
2024-09-11,0,Euphoria,0.5566725340042823
2024-09-12,0,Euphoria,0.617904072067765
2024-09-13,0,Euphoria,0.8814094960558577
2024-09-16,0,Euphoria,0.9590447813051209
2024-09-17,0,Euphoria,0.9926208264030536
2024-09-18,0,Euphoria,0.9981457339352126
2024-09-19,0,Euphoria,0.999715411800404
2024-09-20,0,Euphoria,0.9999955908685365
2024-09-23,0,Euphoria,0.9999954524840804
2024-09-24,0,Euphoria,0.9999999837546057
2024-09-25,0,Euphoria,0.9999999983974703
2024-09-26,0,Euphoria,0.9999999874380592
2024-09-27,0,Euphoria,0.999999999994543
2024-09-30,0,Euphoria,0.9999999999545253
2024-10-01,0,Euphoria,0.9999999999417923
2024-10-02,0,Euphoria,0.9999999973169906
2024-10-03,0,Euphoria,0.9999999385036081
2024-10-04,0,Euphoria,0.9999999635256251
2024-10-07,0,Euphoria,0.9999996569040965
2024-10-08,0,Euphoria,0.9999997838749783
2024-10-09,0,Euphoria,0.9999999628962548
2024-10-10,0,Euphoria,0.9999995386661948
2024-10-11,0,Euphoria,0.9999999411884364
2024-10-14,0,Euphoria,0.9999997136019784
2024-10-15,0,Euphoria,0.999999841822513
2024-10-16,0,Euphoria,0.9999998655112085
2024-10-17,0,Euphoria,0.9999996830356896
2024-10-18,0,Euphoria,0.9999999411120388
2024-10-21,0,Euphoria,0.9999999128940582
2024-10-22,0,Euphoria,0.9999999921528797
2024-10-23,0,Euphoria,0.9999999996689439
2024-10-24,0,Euphoria,0.9999999683495849
2024-10-25,0,Euphoria,0.9999999680803745
2024-10-28,0,Euphoria,0.9999999948722689
2024-10-29,0,Euphoria,0.9999999821884559
2024-10-30,0,Euphoria,0.9999997744999091
2024-10-31,0,Euphoria,0.9999998669118302
2024-11-01,0,Euphoria,0.9999539317275546
2024-11-04,0,Euphoria,0.9999998358434957
2024-11-05,0,Euphoria,0.9999997781160592
2024-11-06,0,Euphoria,0.999999973968443
2024-11-07,0,Euphoria,1.0
2024-11-08,0,Euphoria,1.0
2024-11-11,0,Euphoria,1.0
2024-11-12,0,Euphoria,1.0
2024-11-13,0,Euphoria,1.0
2024-11-14,0,Euphoria,0.9999999999854481
2024-11-15,0,Euphoria,0.9999999970204954
2024-11-18,0,Euphoria,0.9998432075267771
2024-11-19,0,Euphoria,0.9999913819600178
2024-11-20,0,Euphoria,0.9999977576069472
2024-11-21,0,Euphoria,0.9999999995288817
2024-11-22,0,Euphoria,0.9999999989977368
2024-11-25,0,Euphoria,0.9999999995870894
2024-11-26,0,Euphoria,0.9999999998490239
2024-11-27,0,Euphoria,0.9999999998144631
2024-11-29,0,Euphoria,0.999999988847776
2024-12-02,0,Euphoria,0.9999999937826942
2024-12-03,0,Euphoria,0.9999999999654392
2024-12-04,0,Euphoria,0.9999999999854481
2024-12-05,0,Euphoria,0.999999999994543
2024-12-06,0,Euphoria,1.0
2024-12-09,0,Euphoria,1.0
2024-12-10,0,Euphoria,1.0
2024-12-11,0,Euphoria,0.9999999999745341
2024-12-12,0,Euphoria,0.999999999994543
2024-12-13,0,Euphoria,0.9999999876945367
2024-12-16,0,Euphoria,0.9999999677711463
2024-12-17,0,Euphoria,0.9999999990195647
2024-12-18,0,Euphoria,0.9999822164044107
2024-12-19,2,Capitulation,0.9997055013258369
2024-12-20,2,Capitulation,0.9998535855305583
2024-12-23,2,Capitulation,0.9999708853120117
2024-12-24,2,Capitulation,0.9999630751077182
2024-12-26,2,Capitulation,0.9999950724189591
2024-12-27,2,Capitulation,0.9999774693561236
2024-12-30,2,Capitulation,0.9999409447494703
